city;country;admin_name
Delhi;India;Delhi
Mumbai;India;Mahārāshtra
Kolkāta;India;West Bengal
Bangalore;India;Karnātaka
Chennai;India;Tamil Nādu
Hyderābād;India;Telangana
Pune;India;Mahārāshtra
Ahmedabad;India;Gujarāt
Allahābād;India;Uttar Pradesh
Sūrat;India;Gujarāt
Lucknow;India;Uttar Pradesh
Jaipur;India;Rājasthān
Cawnpore;India;Uttar Pradesh
Mirzāpur;India;Uttar Pradesh
Nāgpur;India;Mahārāshtra
Ghāziābād;India;Uttar Pradesh
Vadodara;India;Gujarāt
Vishākhapatnam;India;Andhra Pradesh
Indore;India;Madhya Pradesh
Thāne;India;Mahārāshtra
Bhopāl;India;Madhya Pradesh
Patna;India;Bihār
Bilāspur;India;Chhattīsgarh
Ludhiāna;India;Punjab
Āgra;India;Uttar Pradesh
Kalyān;India;Mahārāshtra
Madurai;India;Tamil Nādu
Jamshedpur;India;Jharkhand
Nāsik;India;Mahārāshtra
Farīdābād;India;Haryāna
Aurangābād;India;Mahārāshtra
Rājkot;India;Gujarāt
Meerut;India;Uttar Pradesh
Jabalpur;India;Madhya Pradesh
Dhanbād;India;Jharkhand
Vārānasi;India;Uttar Pradesh
Srīnagar;India;Jammu and Kashmīr
Amritsar;India;Punjab
Alīgarh;India;Uttar Pradesh
Guwāhāti;India;Assam
Bhilai;India;Chhattīsgarh
Hāora;India;West Bengal
Rānchi;India;Jharkhand
Gwalior;India;Madhya Pradesh
Bezwāda;India;Andhra Pradesh
Chandīgarh;India;Chandīgarh
Jodhpur;India;Rājasthān
Mysore;India;Karnātaka
Raipur;India;Chhattīsgarh
Kota;India;Rājasthān
New Delhi;India;Delhi
Bareilly;India;Uttar Pradesh
Coimbatore;India;Tamil Nādu
Solāpur;India;Mahārāshtra
Trichinopoly;India;Tamil Nādu
Hubli;India;Karnātaka
Jalandhar;India;Punjab
Bhubaneshwar;India;Odisha
Morādābād;India;Uttar Pradesh
Kolhāpur;India;Mahārāshtra
Thiruvananthapuram;India;Kerala
Bhiwandi;India;Mahārāshtra
Sahāranpur;India;Uttar Pradesh
Warangal;India;Telangana
Salem;India;Tamil Nādu
Mālegaon;India;Mahārāshtra
Kochi;India;Kerala
Gorakhpur;India;Uttar Pradesh
Shimoga;India;Karnātaka
Guntūr;India;Andhra Pradesh
Tiruppūr;India;Tamil Nādu
Raurkela;India;Odisha
Mangalore;India;Karnātaka
Nānded;India;Mahārāshtra
Cuttack;India;Odisha
Tumkūr;India;Karnātaka
Chānda;India;Mahārāshtra
Dehra Dūn;India;Uttarakhand
Durgāpur;India;West Bengal
Āsansol;India;West Bengal
Bhāvnagar;India;Gujarāt
Nellore;India;Andhra Pradesh
Amrāvati;India;Mahārāshtra
Ajmer;India;Rājasthān
Tinnevelly;India;Tamil Nādu
Bīkaner;India;Rājasthān
Agartala;India;Tripura
Ujjain;India;Madhya Pradesh
Ulhāsnagar;India;Mahārāshtra
Jhānsi;India;Uttar Pradesh
Davangere;India;Karnātaka
Jammu;India;Jammu and Kashmīr
Belgaum;India;Karnātaka
Gulbarga;India;Karnātaka
Jāmnagar;India;Gujarāt
Dhūlia;India;Mahārāshtra
Gaya;India;Bihār
Jalgaon;India;Mahārāshtra
Kurnool;India;Andhra Pradesh
Udaipur;India;Rājasthān
Bellary;India;Karnātaka
Sāngli;India;Mahārāshtra
Tuticorin;India;Tamil Nādu
Calicut;India;Kerala
Akola;India;Mahārāshtra
Bhāgalpur;India;Bihār
Quilon;India;Kerala
Sīkar;India;Rājasthān
Bhātpāra;India;West Bengal
Kākināda;India;Andhra Pradesh
Bhīlwāra;India;Rājasthān
Nizāmābād;India;Telangana
Pānihāti;India;West Bengal
Parbhani;India;Mahārāshtra
Rohtak;India;Haryāna
Lātūr;India;Mahārāshtra
Rājapālaiyam;India;Tamil Nādu
Ahmadnagar;India;Mahārāshtra
Rājahmundry;India;Andhra Pradesh
Cuddapah;India;Andhra Pradesh
Muzaffarpur;India;Bihār
Alwar;India;Rājasthān
Brahmapur;India;Odisha
Kāmārhāti;India;West Bengal
Mathura;India;Uttar Pradesh
Patiāla;India;Punjab
Saugor;India;Madhya Pradesh
Bijāpur;India;Karnātaka
Shāhjānpur;India;Uttar Pradesh
Jūnāgadh;India;Gujarāt
Trichūr;India;Kerala
Barddhamān;India;West Bengal
Purnea;India;Bihār
Sambalpur;India;Odisha
Fīrozābād;India;Uttar Pradesh
Hisar;India;Haryāna
Rāmpur;India;Uttar Pradesh
Bāli;India;West Bengal
Pānīpat;India;Haryāna
Āīzawl;India;Mizoram
Karīmnagar;India;Telangana
Bhuj;India;Gujarāt
Ichalkaranji;India;Mahārāshtra
Hospet;India;Karnātaka
Bhatinda;India;Punjab
Sannai;India;Madhya Pradesh
Bārāsat;India;West Bengal
Ratlām;India;Madhya Pradesh
Drug;India;Chhattīsgarh
Handwāra;India;Jammu and Kashmīr
Imphāl;India;Manipur
Anantapur;India;Andhra Pradesh
Etāwah;India;Uttar Pradesh
Rāichūr;India;Karnātaka
Bharatpur;India;Rājasthān
Begusarai;India;Bihār
Sonīpat;India;Haryāna
Shrīrāmpur;India;West Bengal
Hāpur;India;Uttar Pradesh
Rāmgundam;India;Telangana
Uluberiya;India;West Bengal
Puducherry;India;Puducherry
Porbandar;India;Gujarāt
Vizianagaram;India;Andhra Pradesh
Pāli;India;Rājasthān
Nadiād;India;Gujarāt
Nāgercoil;India;Tamil Nādu
Karnāl;India;Haryāna
Puri;India;Odisha
Tanjore;India;Tamil Nādu
Secunderābād;India;Telangana
Sambhal;India;Uttar Pradesh
Shiliguri;India;West Bengal
Naihāti;India;West Bengal
Shimla;India;Himāchal Pradesh
Kharagpur;India;West Bengal
Dindigul;India;Tamil Nādu
Ingrāj Bāzār;India;West Bengal
Ongole;India;Andhra Pradesh
Ellore;India;Andhra Pradesh
Haldia;India;West Bengal
Gurgaon;India;Haryāna
Bulandshahr;India;Uttar Pradesh
Baharampur;India;West Bengal
Chakradharpur;India;Jharkhand
Madhyamgram;India;West Bengal
Burhānpur;India;Madhya Pradesh
Khammam;India;Telangana
Bhiwāni;India;Haryāna
Ghāndīnagar;India;Gujarāt
Hugli;India;West Bengal
Mahbūbnagar;India;Telangana
Nandyāl;India;Andhra Pradesh
Rāiganj;India;West Bengal
Bārākpur;India;West Bengal
Mahesāna;India;Gujarāt
Batāla;India;Punjab
Bhusāval;India;Mahārāshtra
Bahraigh;India;Uttar Pradesh
Tonk;India;Rājasthān
Sirsa;India;Haryāna
Jaunpur;India;Uttar Pradesh
Dam Dam;India;West Bengal
Madanapalle;India;Andhra Pradesh
Alleppey;India;Kerala
Vellore;India;Tamil Nādu
Titāgarh;India;West Bengal
Chandannagar;India;West Bengal
Cuddalore;India;Tamil Nādu
Chīrāla;India;Andhra Pradesh
Deo;India;Bihār
Bīdar;India;Karnātaka
Machilīpatnam;India;Andhra Pradesh
Medinīpur;India;West Bengal
Bāramūla;India;Jammu and Kashmīr
Fatehpur;India;Uttar Pradesh
Tenāli;India;Andhra Pradesh
Udipi;India;Karnātaka
Sitalpur;India;Uttar Pradesh
Conjeeveram;India;Tamil Nādu
Proddatūr;India;Andhra Pradesh
Navsāri;India;Gujarāt
Godhra;India;Gujarāt
Budaun;India;Uttar Pradesh
Chittoor;India;Andhra Pradesh
Krishnanagar;India;West Bengal
Bharūch;India;Gujarāt
Saharsa;India;Bihār
Harīpur;India;Punjab
Pathānkot;India;Punjab
Vidisha;India;Madhya Pradesh
Nalgonda;India;Telangana
Bālurghāt;India;West Bengal
Dibrugarh;India;Assam
Verāval;India;Gujarāt
Fyzābād;India;Uttar Pradesh
Silchar;India;Assam
Shāntipur;India;West Bengal
Hindupur;India;Andhra Pradesh
Erode;India;Tamil Nādu
Beāwar;India;Rājasthān
Mauli;India;Punjab
Hābra;India;West Bengal
Ambāla;India;Haryāna
Etah;India;Uttar Pradesh
Shillong;India;Meghālaya
Kolār;India;Karnātaka
Bhīmavaram;India;Andhra Pradesh
Mandsaur;India;Madhya Pradesh
Kumbakonam;India;Tamil Nādu
Chicacole;India;Andhra Pradesh
Tiruvannāmalai;India;Tamil Nādu
Mandya;India;Karnātaka
Bānkura;India;West Bengal
Gondiā;India;Mahārāshtra
Hassan;India;Karnātaka
Pīlibhīt;India;Uttar Pradesh
Pālghāt;India;Kerala
Pālakollu;India;Andhra Pradesh
Abohar;India;Punjab
Kānchrāpāra;India;West Bengal
Hanumāngarh;India;Rājasthān
Hāthras;India;Uttar Pradesh
Basīrhat;India;West Bengal
Navadwīp;India;West Bengal
Guntakal;India;Andhra Pradesh
Hālīsahar;India;West Bengal
Rishra;India;West Bengal
Baidyabāti;India;West Bengal
Dharmavaram;India;Andhra Pradesh
Ghazīpur;India;Uttar Pradesh
Puruliya;India;West Bengal
Darjeeling;India;West Bengal
Gudivāda;India;Andhra Pradesh
Sopur;India;Jammu and Kashmīr
Adilābād;India;Telangana
Narasaraopet;India;Andhra Pradesh
Yavatmāl;India;Mahārāshtra
Chittaurgarh;India;Rājasthān
Bānsbāria;India;West Bengal
Siddipet;India;Telangana
Vālpārai;India;Tamil Nādu
Osmānābād;India;Mahārāshtra
Champdani;India;West Bengal
Khardah;India;West Bengal
Bangaon;India;West Bengal
Tādpatri;India;Andhra Pradesh
Islāmābād;India;Jammu and Kashmīr
Jalpāiguri;India;West Bengal
Suriāpet;India;Telangana
Tādepallegūdem;India;Andhra Pradesh
Kalyani;India;West Bengal
Negapatam;India;Tamil Nādu
Būndi;India;Rājasthān
Bhadreswar;India;West Bengal
Chilakalūrupet;India;Andhra Pradesh
Port Blair;India;Andaman and Nicobar Islands
Gangtok;India;Sikkim
Dhuliān;India;West Bengal
Kohīma;India;Nāgāland
Marmagao;India;Goa
Jangipur;India;West Bengal
Baj Baj;India;West Bengal
Tanuku;India;Andhra Pradesh
Siuri;India;West Bengal
Tamlūk;India;West Bengal
Bankra;India;West Bengal
Nagari;India;Andhra Pradesh
Chakapara;India;West Bengal
Itānagar;India;Arunāchal Pradesh
Mūndka;India;Delhi
Bāruipur;India;West Bengal
Mandapeta;India;Andhra Pradesh
Bhīmunipatnam;India;Andhra Pradesh
Pithāpuram;India;Andhra Pradesh
Amalāpuram;India;Andhra Pradesh
Bodupāl;India;Telangana
Gobārdānga;India;West Bengal
Diamond Harbour;India;West Bengal
Damān;India;Damān and Diu
Amudālavalasa;India;Andhra Pradesh
Kānkuria;India;West Bengal
Pujali;India;West Bengal
Chittaranjan;India;West Bengal
Panaji;India;Goa
Kaippakanchēri;India;Kerala
Sānkrāil;India;West Bengal
Elesvaram;India;Andhra Pradesh
Tarakeswar;India;West Bengal
Nibria;India;West Bengal
Kuli;India;West Bengal
Beldānga;India;West Bengal
Saranga;India;West Bengal
Jaynagar-Majilpur;India;West Bengal
Pānchla;India;West Bengal
Māmidālapādu;India;Andhra Pradesh
Jālhalli;India;Karnātaka
Poranki;India;Andhra Pradesh
Sundararaopeta;India;Andhra Pradesh
Bāuria;India;West Bengal
Dumjor;India;West Bengal
Mahiari;India;West Bengal
Mayahaura;India;West Bengal
Dispur;India;Assam
Mālancha;India;West Bengal
Raghudebbati;India;West Bengal
Nahāzāri;India;West Bengal
Giria;India;West Bengal
Baharu;India;West Bengal
Jagdispur;India;West Bengal
Ramnagar;India;West Bengal
Jaypul;India;West Bengal
Dogāchi;India;West Bengal
Janāi;India;West Bengal
Bāhāgalpur;India;West Bengal
Muragācha;India;West Bengal
Chandi;India;West Bengal
Saktipur;India;West Bengal
Bhabānipur;India;West Bengal
Bandlagūda;India;Telangana
Begampur;India;West Bengal
Amtala;India;West Bengal
Velivennu;India;Andhra Pradesh
Begampur;India;West Bengal
Kalinagar;India;West Bengal
Natshal;India;West Bengal
Chaital;India;West Bengal
Dhāmua;India;West Bengal
Multi;India;West Bengal
Chāndpur;India;West Bengal
Sāhāpur;India;West Bengal
Amgachia;India;West Bengal
Laskarpar;India;West Bengal
Nimpot;India;West Bengal
Hārua;India;West Bengal
Nāzira;India;West Bengal
Krishnapur;India;West Bengal
Nalpur;India;West Bengal
Mahadipur;India;West Bengal
Iarpur;India;West Bengal
Raspunji;India;West Bengal
Nijgaon Parānpur;India;West Bengal
Ballālpur;India;West Bengal
Kavaratti;India;Lakshadweep
Pātra;India;West Bengal
Chāndnidaha;India;West Bengal
Nabagrām;India;West Bengal
Hilora;India;West Bengal
Imamnagar;India;West Bengal
Serpur;India;West Bengal
Dīgnagar;India;West Bengal
Palta;India;West Bengal
Beonta;India;West Bengal
Andharmanik;India;West Bengal
Balbalpāra;India;West Bengal
Bhandārdaha;India;West Bengal
Jājigrām;India;West Bengal
Alipur;India;West Bengal
Burul;India;West Bengal
Purbba Ramnagar;India;West Bengal
Bansabāti;India;West Bengal
Bodāi;India;West Bengal
Uttarbhag;India;West Bengal
Gācha;India;West Bengal
Gotra;India;West Bengal
Bāmanpukur;India;West Bengal
Padmarhā;India;West Bengal
Ramkrishnapur;India;West Bengal
Iswaripur;India;West Bengal
Nadābhānga;India;West Bengal
Bishnupur;India;West Bengal
Bhāsa;India;West Bengal
Bodra;India;West Bengal
Tinsukia;India;Assam
Khambhāt;India;Gujarāt
Aurangābād;India;Bihār
Chākdaha;India;West Bengal
Contai;India;West Bengal
Rāyachoti;India;Andhra Pradesh
Kāvali;India;Andhra Pradesh
Mancherāl;India;Telangana
Kairāna;India;Uttar Pradesh
Kadiri;India;Andhra Pradesh
Madgaon;India;Goa
Ootacamund;India;Tamil Nādu
Farīdkot;India;Punjab
Anakāpalle;India;Andhra Pradesh
Garulia;India;West Bengal
Sirsilla;India;Telangana
Kātoya;India;West Bengal
Kāmāreddipet;India;Telangana
Bolpur;India;West Bengal
Gumlā;India;Jharkhand
Simdega;India;Jharkhand
Kottagūdem;India;Telangana
Koch Bihār;India;West Bengal
Bodhan;India;Telangana
Karūr;India;Tamil Nādu
Mangalagiri;India;Andhra Pradesh
Bāpatla;India;Andhra Pradesh
Mārkāpur;India;Andhra Pradesh
Malaut;India;Punjab
Badvel;India;Andhra Pradesh
Jorhāt;India;Assam
Basavakalyān;India;Karnātaka
Beypore;India;Kerala
Bishnupur;India;West Bengal
Koratla;India;Telangana
Pulivendla;India;Andhra Pradesh
Alīpur Duār;India;West Bengal
Jaisalmer;India;Rājasthān
Tādepalle;India;Andhra Pradesh
Gadwāl;India;Telangana
Jatani;India;Odisha
Kodād;India;Telangana
Nawalgarh;India;Rājasthān
Armūr;India;Telangana
Jhārgrām;India;West Bengal
Wanparti;India;Telangana
Chāmrājnagar;India;Karnātaka
Ponnūru;India;Andhra Pradesh
Chandralapādu;India;Andhra Pradesh
Vinukonda;India;Andhra Pradesh
Tezpur;India;Assam
Narasapur;India;Andhra Pradesh
Pānskura;India;West Bengal
Rāmpur Hat;India;West Bengal
Lonāvale;India;Mahārāshtra
Sāmalkot;India;Andhra Pradesh
Kālna;India;West Bengal
Kothāpet;India;Telangana
Mācherla;India;Andhra Pradesh
Kandukūr;India;Andhra Pradesh
Sattenapalle;India;Andhra Pradesh
Bobbili;India;Andhra Pradesh
Vrindāvan;India;Uttar Pradesh
Gangārāmpur;India;West Bengal
Kāndi;India;West Bengal
Belampalli;India;Telangana
Pithorāgarh;India;Uttarakhand
Puttūr;India;Andhra Pradesh
Islāmpur;India;West Bengal
Punganūru;India;Andhra Pradesh
Nāndod;India;Gujarāt
Palmaner;India;Andhra Pradesh
Jalor;India;Rājasthān
Kāliyāganj;India;West Bengal
Vikārābād;India;Telangana
Badūria;India;West Bengal
Dholka;India;Gujarāt
Tuni;India;Andhra Pradesh
Jaggayyapeta;India;Andhra Pradesh
Venkatagiri;India;Andhra Pradesh
Sihor;India;Gujarāt
Jangaon;India;Telangana
Mandamāri;India;Telangana
Diu;India;Damān and Diu
Metpalli;India;Telangana
Repalle;India;Andhra Pradesh
Peddāpuram;India;Andhra Pradesh
Bhadrāchalam;India;Telangana
Ajodhya;India;Uttar Pradesh
Bhainsa;India;Telangana
Prattipādu;India;Andhra Pradesh
Jasdan;India;Gujarāt
Vuyyūru;India;Andhra Pradesh
Nandikotkūr;India;Andhra Pradesh
Dhupgāri;India;West Bengal
Jammalamadugu;India;Andhra Pradesh
Rāmeswaram;India;Tamil Nādu
Murshidābād;India;West Bengal
Sainthia;India;West Bengal
Charkhi Dādri;India;Haryāna
Nandigāma;India;Andhra Pradesh
Nidadavole;India;Andhra Pradesh
Addanki;India;Andhra Pradesh
Nilothi;India;Haryāna
Mahbūbābād;India;Telangana
Berubāri;India;West Bengal
Akbarpur;India;Uttar Pradesh
Kārsiyāng;India;West Bengal
Rājgīr;India;Bihār
Nalhāti;India;West Bengal
Memāri;India;West Bengal
Rajaori;India;Jammu and Kashmīr
Pīleru;India;Andhra Pradesh
Peddapalli;India;Telangana
Naini Tal;India;Uttarakhand
Kovvūr;India;Andhra Pradesh
Channarāyapatna;India;Karnātaka
Maihar;India;Madhya Pradesh
Junnar;India;Mahārāshtra
Kālimpong;India;West Bengal
Atmakūr;India;Andhra Pradesh
Solan;India;Himāchal Pradesh
Vetapālem;India;Andhra Pradesh
Tāki;India;West Bengal
Betamcherla;India;Andhra Pradesh
Penumūr;India;Andhra Pradesh
Dwārka;India;Gujarāt
Kadiyam;India;Andhra Pradesh
Dubrājpur;India;West Bengal
Pathanāmthitta;India;Kerala
Sitalkuchi;India;West Bengal
Dālkola;India;West Bengal
Ichchāpuram;India;Andhra Pradesh
Mahē;India;Kerala
Kanigiri;India;Andhra Pradesh
Dīnhāta;India;West Bengal
Huzūrnagar;India;Telangana
Kodaikānal;India;Tamil Nādu
Udhampur;India;Jammu and Kashmīr
Vempalle;India;Andhra Pradesh
Medchal;India;Telangana
Uravakonda;India;Andhra Pradesh
Guskhara;India;West Bengal
Yellandu;India;Telangana
Giddalūr;India;Andhra Pradesh
Balarāmpur;India;West Bengal
Angamāli;India;Kerala
Vemalwāda;India;Telangana
Narsīpatnam;India;Andhra Pradesh
Shrīrangapattana;India;Karnātaka
Shamsābād;India;Telangana
Almora;India;Uttarakhand
Kondapalle;India;Andhra Pradesh
Debagrām;India;West Bengal
Fatehpur Sīkri;India;Uttar Pradesh
Jamikunta;India;Telangana
Darsi;India;Andhra Pradesh
Umaria;India;Madhya Pradesh
Kovūr;India;Andhra Pradesh
Erraguntla;India;Andhra Pradesh
Nāspur;India;Telangana
Kalyandrug;India;Andhra Pradesh
Mangūr;India;Telangana
Tummapāla;India;Andhra Pradesh
Pedana;India;Andhra Pradesh
Pandua;India;West Bengal
Lālgola;India;West Bengal
Mussoorie;India;Uttarakhand
Mārgrām;India;West Bengal
Podili;India;Andhra Pradesh
Uran;India;Mahārāshtra
Maināguri;India;West Bengal
Egra;India;West Bengal
Leh;India;Jammu and Kashmīr
Chimākurti;India;Andhra Pradesh
Koratgi;India;Karnātaka
Garaimāri;India;West Bengal
Devarkonda;India;Telangana
Pattikonda;India;Andhra Pradesh
Ātmakūr;India;Andhra Pradesh
Sonāmukhi;India;West Bengal
Khunti;India;Jharkhand
Nakrekal;India;Telangana
Kodumur;India;Andhra Pradesh
Srungavarapukota;India;Andhra Pradesh
Kalwākurti;India;Telangana
Bānswāda;India;Telangana
Silvassa;India;Dādra and Nagar Haveli
Kotagiri;India;Tamil Nādu
Rāmanayyapeta;India;Andhra Pradesh
Tangutūru;India;Andhra Pradesh
Varandarapilli;India;Kerala
Pāyakarāopeta;India;Andhra Pradesh
Penukonda;India;Andhra Pradesh
Bandipura;India;Jammu and Kashmīr
Sūlūru;India;Andhra Pradesh
Panchānandapur;India;West Bengal
Pāmidi;India;Andhra Pradesh
Gilarchāt;India;West Bengal
Guruzāla;India;Andhra Pradesh
Narasannapeta;India;Andhra Pradesh
Chintalapūdi;India;Andhra Pradesh
Renigunta;India;Andhra Pradesh
Kottapeta;India;Andhra Pradesh
Raghunāthpur;India;West Bengal
Attili;India;Andhra Pradesh
Gajwel;India;Telangana
Singarāyakonda;India;Andhra Pradesh
Avanigadda;India;Andhra Pradesh
Khed Brahma;India;Gujarāt
Aklvidu;India;Andhra Pradesh
Mogalturru;India;Andhra Pradesh
Balarāmpur;India;West Bengal
Gorantla;India;Andhra Pradesh
Mummidivaram;India;Andhra Pradesh
Khajurāho;India;Madhya Pradesh
Ashwarāopeta;India;Telangana
Yādiki;India;Andhra Pradesh
Kosigi;India;Andhra Pradesh
Chandrakona;India;West Bengal
Gauripur;India;Assam
Koilkuntla;India;Andhra Pradesh
Bagulā;India;West Bengal
Kulgam;India;Jammu and Kashmīr
Velugodu;India;Andhra Pradesh
Asafābād;India;Telangana
Abu;India;Rājasthān
Singur;India;West Bengal
Curchorem;India;Goa
Pushkar;India;Rājasthān
Bukkarāyasamudram;India;Andhra Pradesh
Ganapavaram;India;Andhra Pradesh
Pāmarru;India;Andhra Pradesh
Chāgallu;India;Andhra Pradesh
Sarapāka;India;Telangana
Pākāla;India;Andhra Pradesh
Mārutūru;India;Andhra Pradesh
Husnābād;India;Telangana
Kuppam;India;Andhra Pradesh
Madakasīra;India;Andhra Pradesh
Mailavaram;India;Andhra Pradesh
Tufānganj;India;West Bengal
Nellimarla;India;Andhra Pradesh
Kosgi;India;Telangana
Kaikalūr;India;Andhra Pradesh
Tehata;India;West Bengal
Parkāl;India;Telangana
Chāgalamarri;India;Andhra Pradesh
Umrāpur;India;West Bengal
Krishnapur;India;West Bengal
Kattanam;India;Kerala
Nizāmpatam;India;Andhra Pradesh
Gannavaram;India;Andhra Pradesh
Ghatkesar;India;Telangana
Palāshi;India;West Bengal
Pālkonda;India;Andhra Pradesh
Andāl;India;West Bengal
Achampet;India;Andhra Pradesh
Banganapalle;India;Andhra Pradesh
Kāmalāpuram;India;Andhra Pradesh
Vinjamūr;India;Andhra Pradesh
Karlapālem;India;Andhra Pradesh
Nalua;India;West Bengal
Mundra;India;Gujarāt
Chandragiri;India;Andhra Pradesh
Mārahra;India;Uttar Pradesh
Sompeta;India;Andhra Pradesh
Belūr;India;Karnātaka
Kanniyākumāri;India;Tamil Nādu
Nambūru;India;Andhra Pradesh
Rāmjībanpur;India;West Bengal
Kākdwīp;India;West Bengal
Kanekallu;India;Andhra Pradesh
Jhalidā;India;West Bengal
Jaggampeta;India;Andhra Pradesh
Dharmsāla;India;Himāchal Pradesh
Somandepalle;India;Andhra Pradesh
Sirvār;India;Karnātaka
Chinna Ganjām;India;Andhra Pradesh
Srikhanda;India;West Bengal
Nārapala;India;Andhra Pradesh
Bādkulla;India;West Bengal
Chilkūru;India;Telangana
Chautāpal;India;Telangana
Rāmpur;India;West Bengal
Tiruvūr;India;Andhra Pradesh
Bhagabānpur;India;West Bengal
Jadcherla;India;Telangana
Mellacheruvu;India;Telangana
Tādikonda;India;Andhra Pradesh
Rājmahal;India;West Bengal
Debīpur;India;West Bengal
Kulu;India;Himāchal Pradesh
Vissannapeta;India;Andhra Pradesh
Kottá Kalidindi;India;Andhra Pradesh
Vāyalpād;India;Andhra Pradesh
Veldurti;India;Andhra Pradesh
Maripād;India;Telangana
Belākoba;India;West Bengal
Pānchgrām;India;West Bengal
Inkollu;India;Andhra Pradesh
Manthani;India;Telangana
Pernamitta;India;Andhra Pradesh
Gokavaram;India;Andhra Pradesh
Kembhāvi;India;Karnātaka
Phirangipuram;India;Andhra Pradesh
Kasimkota;India;Andhra Pradesh
Dighirpār;India;West Bengal
Dharmāpuri;India;Telangana
Challapalle;India;Andhra Pradesh
Kottapeta;India;Andhra Pradesh
Bahutāl;India;West Bengal
Penugonda;India;Andhra Pradesh
Mahālandi;India;West Bengal
Gonegandla;India;Andhra Pradesh
Gokarna;India;West Bengal
Rentachintala;India;Andhra Pradesh
Kāmavarapukota;India;Andhra Pradesh
Bārnia;India;West Bengal
Rāmāyampet;India;Telangana
Podalakūr;India;Andhra Pradesh
Chopadandi;India;Telangana
Khed;India;Mahārāshtra
Kompalle;India;Telangana
Khirpai;India;West Bengal
Kollūru;India;Andhra Pradesh
Mitrapur;India;West Bengal
Islāmpur;India;West Bengal
Bhagwāngola;India;West Bengal
Gālivedu;India;Andhra Pradesh
Rāikal;India;Telangana
Kota;India;Andhra Pradesh
Chennūr;India;Andhra Pradesh
Sultānābād;India;Telangana
Sānātikri;India;West Bengal
Tadikalapūdi;India;Andhra Pradesh
Pātapatnam;India;Andhra Pradesh
Bālkonda;India;Telangana
Porumāmilla;India;Andhra Pradesh
Kallūr;India;Telangana
Udayagiri;India;Andhra Pradesh
Kolakalūru;India;Andhra Pradesh
Vontimitta;India;Andhra Pradesh
Seven Pagodas;India;Tamil Nādu
Utnūr;India;Telangana
Undi;India;Andhra Pradesh
Hariharpāra;India;West Bengal
Vijayapuri North;India;Telangana
Antarvedi;India;Andhra Pradesh
Vīraghattam;India;Andhra Pradesh
Chilamattūru;India;Andhra Pradesh
Maddikera;India;Andhra Pradesh
Tondangi;India;Andhra Pradesh
Kambadūru;India;Andhra Pradesh
Kohīr;India;Telangana
Pyāpali;India;Andhra Pradesh
Haldībāri;India;West Bengal
Muttukūru;India;Andhra Pradesh
Cumbum;India;Andhra Pradesh
Relangi;India;Andhra Pradesh
Konārka;India;Odisha
Putaparti;India;Andhra Pradesh
Dattapulia;India;West Bengal
Bāra;India;West Bengal
Antarvedipālem;India;Andhra Pradesh
Chīpurupalle;India;Andhra Pradesh
Kankipādu;India;Andhra Pradesh
Sindhnūr;India;Karnātaka
Yellāreddi;India;Telangana
Hanamsāgar;India;Karnātaka
Cherrapunji;India;Meghālaya
Bikkavolu;India;Andhra Pradesh
Madanpur;India;West Bengal
Holalagondi;India;Andhra Pradesh
Odlābāri;India;West Bengal
Kottavalasa;India;Andhra Pradesh
Penuganchiprolu;India;Andhra Pradesh
Bhānukumāri;India;West Bengal
Kottacheruvu;India;Andhra Pradesh
Lingāl;India;Telangana
Korangal;India;Telangana
Dornakal;India;Telangana
Barjora;India;West Bengal
Ungutūru;India;Andhra Pradesh
Domkonda;India;Telangana
Kārempūdi;India;Andhra Pradesh
Amarāvati;India;Andhra Pradesh
Belpukur;India;West Bengal
Undrājavaram;India;Andhra Pradesh
Daulatnagar;India;West Bengal
Peddavadlapūdi;India;Andhra Pradesh
Yedapalli;India;Telangana
Tezu;India;Arunāchal Pradesh
Duvva;India;Andhra Pradesh
Bhīmadolu;India;Andhra Pradesh
Rājnagar;India;West Bengal
Dundigal;India;Telangana
Sābang;India;West Bengal
Kumirimora;India;West Bengal
Chityāl;India;Telangana
Kathevaram;India;Andhra Pradesh
Polavaram;India;Andhra Pradesh
Champādānga;India;West Bengal
Kalādgi;India;Karnātaka
Paruchūru;India;Andhra Pradesh
Ghorādal;India;West Bengal
Uppāda;India;Andhra Pradesh
Nallajerla;India;Andhra Pradesh
Amrābād;India;Telangana
Pondūru;India;Andhra Pradesh
Sabbavaram;India;Andhra Pradesh
Kollipara;India;Andhra Pradesh
Pātiram;India;West Bengal
Gopālnagar;India;West Bengal
Kankandighi;India;West Bengal
Cossimbāzār;India;West Bengal
Pānchgani;India;Mahārāshtra
Tirmaigiri;India;Telangana
Bichkunda;India;Telangana
Kalikiri;India;Andhra Pradesh
Peddakūrapādu;India;Andhra Pradesh
Turbihāl;India;Karnātaka
Panjīpāra;India;West Bengal
Jāmi;India;Andhra Pradesh
Duvvūru;India;Andhra Pradesh
Venkatagirikota;India;Andhra Pradesh
Kumarkhāli;India;West Bengal
Domahani;India;West Bengal
Gurgunta;India;Karnātaka
Lokāpur;India;Karnātaka
Kharar;India;West Bengal
Battulapalle;India;Andhra Pradesh
Parigi;India;Andhra Pradesh
Kotra;India;West Bengal
Mudhol;India;Telangana
Sirūr;India;Karnātaka
Kesabpur;India;West Bengal
Nagar;India;West Bengal
Motkūr;India;Telangana
Dāmarcherla;India;Telangana
Kaviti;India;Andhra Pradesh
Mādugula;India;Andhra Pradesh
Kārvetnagar;India;Andhra Pradesh
Pebberu;India;Telangana
Pittalavānipālem;India;Andhra Pradesh
Betma;India;Madhya Pradesh
Karedu;India;Andhra Pradesh
Dubak;India;Telangana
Sāvalgi;India;Karnātaka
Gundugolanu;India;Andhra Pradesh
Kānkon;India;Goa
Chāmarru;India;Andhra Pradesh
Namchi;India;Sikkim
Ichora;India;Telangana
Gopālpur;India;West Bengal
Nandipeta;India;Telangana
Buttāyagūdem;India;Andhra Pradesh
Doddanahalli;India;Karnātaka
Duggirāla;India;Andhra Pradesh
Sher Muhammadpuram;India;Andhra Pradesh
Ghambiraopet;India;Telangana
Mangalkot;India;West Bengal
Khem Karan;India;Punjab
Sonāda;India;West Bengal
Bukkapatnam;India;Andhra Pradesh
Khargrām;India;West Bengal
Fakirtaki;India;West Bengal
Prattipādu;India;Andhra Pradesh
Chennūr;India;Andhra Pradesh
Antardipa;India;West Bengal
Tetagunta;India;Andhra Pradesh
Amarāpuuram;India;Karnātaka
Mirik;India;West Bengal
Kālipatnam;India;Andhra Pradesh
Biknūr;India;Telangana
Dendulūru;India;Andhra Pradesh
Pedda Adsarlapalli;India;Telangana
Tanakallu;India;Andhra Pradesh
Chebrolu;India;Andhra Pradesh
Allūr;India;Andhra Pradesh
Ganapavaram;India;Andhra Pradesh
Lakhipur;India;West Bengal
Pedda Vegi;India;Andhra Pradesh
Falimāri;India;West Bengal
Edlapādu;India;Andhra Pradesh
Doranāla;India;Andhra Pradesh
Bālupur;India;West Bengal
Krosūru;India;Andhra Pradesh
Bara Belun;India;West Bengal
Ambhua;India;West Bengal
Rudra Nagar;India;West Bengal
Kautālam;India;Andhra Pradesh
Kāranchedu;India;Andhra Pradesh
Meghraj;India;Gujarāt
Nāgalāpuram;India;Andhra Pradesh
Mayūreswar;India;West Bengal
Nārāyanavanam;India;Andhra Pradesh
Tālsur;India;West Bengal
Dammapeta;India;Telangana
Kushmanchi;India;Telangana
Owk;India;Andhra Pradesh
Kurabalakota;India;Andhra Pradesh
Nandavaram;India;Andhra Pradesh
Rājānagaram;India;Andhra Pradesh
Amarchinta;India;Telangana
Kundurpi;India;Andhra Pradesh
Srikrishnapur;India;West Bengal
Kalakada;India;Andhra Pradesh
Orchha;India;Madhya Pradesh
Satyavedu;India;Andhra Pradesh
Muzaffarnagar;India;Uttar Pradesh
Fatehpur;India;West Bengal
Rāmbilli;India;Andhra Pradesh
Mortād;India;Telangana
Rāmchandrapur;India;West Bengal
Bhagirathpur;India;West Bengal
Konakondla;India;Andhra Pradesh
Kodmiāl;India;Telangana
Kadūr Sāhib;India;Punjab
Bhattiprolu;India;Andhra Pradesh
Sonakhal;India;West Bengal
Nekarikallu;India;Andhra Pradesh
Naliya;India;Gujarāt
Ravutulapūdi;India;Andhra Pradesh
Pātrasāer;India;West Bengal
Perali;India;Andhra Pradesh
Galsi;India;West Bengal
Nalgora;India;West Bengal
Sankhavaram;India;Andhra Pradesh
Allāhdurg;India;Telangana
Kasba;India;Bihār
Talupula;India;Andhra Pradesh
Rolla;India;Andhra Pradesh
Chota Mollakhāli;India;West Bengal
Ganga Sāgar;India;West Bengal
Kamargani;India;West Bengal
Drākshārāma;India;Andhra Pradesh
Pūdimadaka;India;Andhra Pradesh
Nallamada;India;Andhra Pradesh
Rāmabhadrapuram;India;Andhra Pradesh
Kamalāpuram;India;Telangana
Sangam;India;Andhra Pradesh
Nādendla;India;Andhra Pradesh
Petua;India;West Bengal
Besagarahalli;India;Karnātaka
Chandūr;India;Telangana
Karapa;India;Andhra Pradesh
Akhnūr;India;Jammu and Kashmīr
Janāpul;India;West Bengal
Karīmpur;India;West Bengal
Pragadavaram;India;Andhra Pradesh
Tripurāntakam;India;Andhra Pradesh
Munagapāka;India;Andhra Pradesh
Chinnamandem;India;Andhra Pradesh
Kattipūdi;India;Andhra Pradesh
Daulatpur;India;West Bengal
Ketugrām;India;West Bengal
Koppāka;India;Andhra Pradesh
Gok;India;West Bengal
Gudlavalleru;India;Andhra Pradesh
Kotūr;India;Telangana
Komarolu;India;Andhra Pradesh
Valaparla;India;Andhra Pradesh
Jaipur;India;West Bengal
Pāikpāra;India;West Bengal
Narkatpalli;India;Telangana
Lakkireddipalle;India;Andhra Pradesh
Khāsbalanda;India;West Bengal
Telkapalli;India;Telangana
Devanakonda;India;Andhra Pradesh
Potavaram;India;Andhra Pradesh
Pāra;India;West Bengal
Borgampād;India;Telangana
Lepākshi;India;Andhra Pradesh
Kirlampūdi;India;Andhra Pradesh
Samalpur;India;West Bengal
Somireddipalle;India;Andhra Pradesh
Mungod;India;Telangana
Kottapālem;India;Andhra Pradesh
Rāmannapeta;India;Telangana
Dhāntola;India;West Bengal
Lingampet;India;Telangana
Reddigūdem;India;Andhra Pradesh
Kanakpur;India;West Bengal
Datian;India;Bihār
Srīsailain;India;Andhra Pradesh
Panasapādu;India;Andhra Pradesh
Roddam;India;Andhra Pradesh
Kalinagar;India;West Bengal
Ganapavaram;India;Andhra Pradesh
Belagola;India;Karnātaka
Manteswar;India;West Bengal
Bellamkonda;India;Andhra Pradesh
Bomareddipalli;India;Telangana
Kilkunda;India;Tamil Nādu
Tūlin;India;West Bengal
Manubolu;India;Andhra Pradesh
Hadiāya;India;Punjab
Honwāda;India;Telangana
Sātgāchia;India;West Bengal
Bāsudebpur;India;West Bengal
Elūrupādu;India;Andhra Pradesh
Mālior;India;West Bengal
Chunakhali;India;West Bengal
Muragācha;India;West Bengal
Panchgara;India;West Bengal
Gopālpur;India;West Bengal
Dhanwāda;India;Telangana
Kinhālu;India;Karnātaka
Bilāspur;India;Haryāna
Chilakhāna;India;West Bengal
Lakhya;India;West Bengal
Kalaīkunda;India;West Bengal
Nūtakki;India;Andhra Pradesh
Ahmadpur;India;West Bengal
Barwān;India;West Bengal
Santamāgulūru;India;Andhra Pradesh
Dodarasinakere;India;Karnātaka
Pagidyāla;India;Andhra Pradesh
Zafargarh;India;Telangana
Kāthia;India;West Bengal
Kattamūru;India;Andhra Pradesh
Kaikaram;India;Andhra Pradesh
Konidena;India;Andhra Pradesh
Dunigrām;India;West Bengal
Uppalaguptam;India;Andhra Pradesh
Muddanūru;India;Andhra Pradesh
Gāndlapenta;India;Andhra Pradesh
Dumargrām;India;West Bengal
Mashāt;India;West Bengal
Uppugunduru;India;Andhra Pradesh
Udburu;India;Jharkhand
Dattapāra;India;West Bengal
Jujhārpur;India;West Bengal
Bhogāpuram;India;Andhra Pradesh
Kāliganj;India;West Bengal
Nirna;India;Karnātaka
Dāmargidda;India;Telangana
Ayas;India;West Bengal
Rājapūdi;India;Andhra Pradesh
Durgi;India;Andhra Pradesh
Molagavalli;India;Andhra Pradesh
Bahira;India;West Bengal
Penaballi;India;Telangana
Gorsa;India;West Bengal
Jājireddigūdem;India;Telangana
Nāgāyalanka;India;Andhra Pradesh
Maddūr;India;Telangana
Bishnupur;India;West Bengal
Saktigarh;India;West Bengal
Munagāla;India;Telangana
Kurichedu;India;Andhra Pradesh
Belakvādi;India;Karnātaka
Nurpur;India;West Bengal
Bhāluka;India;West Bengal
Alipukur;India;West Bengal
Chaubaria;India;West Bengal
Kotabommāli;India;Andhra Pradesh
Guttikonda;India;Andhra Pradesh
Dirusumarru;India;Andhra Pradesh
Kotālpur;India;West Bengal
Jigarhāti;India;West Bengal
Tummalacheruvu;India;Telangana
Dharmājigūdem;India;Andhra Pradesh
Kovvali;India;Andhra Pradesh
Bhogālt;India;West Bengal
Maisaram;India;Telangana
Hingalganj;India;West Bengal
Gudlūru;India;Andhra Pradesh
Bandamūrlanka;India;Andhra Pradesh
Kalicherla;India;Andhra Pradesh
Mustafābād;India;Telangana
Channubanda;India;Andhra Pradesh
Islāmpur;India;West Bengal
Ranjal;India;Telangana
Keregodu;India;Karnātaka
Gampalagūdem;India;Andhra Pradesh
Pullalacheruvu;India;Andhra Pradesh
Makkuva;India;Andhra Pradesh
Madnūr;India;Telangana
Harīke;India;Punjab
Adigoppula;India;Andhra Pradesh
Pānuria;India;West Bengal
Chitvel;India;Andhra Pradesh
Tālgāchhi;India;West Bengal
Jagatballabhpur;India;West Bengal
Kismatpur;India;Telangana
Kālkuni;India;Karnātaka
Bārāsat;India;West Bengal
Teranikallu;India;Andhra Pradesh
Vīrapalle;India;Andhra Pradesh
Vidapanakallu;India;Andhra Pradesh
Navipet;India;Telangana
Jasāikāti;India;West Bengal
Bhagabatipur;India;West Bengal
Manipur;India;West Bengal
Rāiparthi;India;Telangana
Bāgalvād;India;Karnātaka
Bontapalli;India;Telangana
Devarkadra;India;Telangana
Garbhām;India;Andhra Pradesh
Churulia;India;West Bengal
Anantasāgaram;India;Andhra Pradesh
Yaragol;India;Karnātaka
Penumāka;India;Andhra Pradesh
Chintakommadinne;India;Andhra Pradesh
Korukollu;India;Andhra Pradesh
Ginigera;India;Karnātaka
Udrāmsar;India;Rājasthān
Nakkāpalle;India;Andhra Pradesh
Gangājalghāti;India;West Bengal
Tungaturti;India;Telangana
Majlispur;India;West Bengal
Peddapūdi;India;Andhra Pradesh
Chikhli;India;Gujarāt
Madnakal;India;Telangana
Galgali;India;Karnātaka
Kodakandla;India;Telangana
Chandpur;India;West Bengal
Vidavalūru;India;Andhra Pradesh
Gūmmadidola;India;Telangana
Khājuri;India;West Bengal
Tamballapalle;India;Andhra Pradesh
Rāvinūtala;India;Andhra Pradesh
Tekmāl;India;Telangana
Berghom;India;West Bengal
Vijayapuri South;India;Andhra Pradesh
Konāda;India;Andhra Pradesh
Dīgnagar;India;West Bengal
Jagannāthpur;India;West Bengal
Bībīnagar;India;Telangana
Venavanka;India;Telangana
Rangampeta;India;Andhra Pradesh
Rodalkundi;India;Karnātaka
Kottūru;India;Andhra Pradesh
Kethepalli;India;Telangana
Dūpādu;India;Andhra Pradesh
Chandipur;India;West Bengal
Māliāra;India;West Bengal
Khandaghosh;India;West Bengal
Kirugāvalu;India;Karnātaka
Karatber;India;West Bengal
Kolleti Kota;India;Andhra Pradesh
Chiwemla;India;Telangana
Takkellapādu;India;Andhra Pradesh
Dhanbela;India;West Bengal
Dommaranandyāla;India;Andhra Pradesh
Anigandlapādu;India;Andhra Pradesh
Kavulūru;India;Andhra Pradesh
Danagalli;India;Karnātaka
Naushahra Panwān;India;Punjab
Nallacheruvu;India;Andhra Pradesh
Peddakadabūru;India;Andhra Pradesh
Pālakurti;India;Telangana
Timmāpuram;India;Andhra Pradesh
Rāvipādu;India;Andhra Pradesh
Lakhanpur;India;Jharkhand
Pippara;India;Andhra Pradesh
Chiluvūru;India;Andhra Pradesh
Kaligiri;India;Andhra Pradesh
Mulakalacheruvu;India;Andhra Pradesh
Bīrkur;India;Telangana
Gopālganj;India;West Bengal
Rebāla;India;Andhra Pradesh
Nandivelugu;India;Andhra Pradesh
Bhātumra;India;Karnātaka
Bhāndārhāti;India;West Bengal
Tullūru;India;Andhra Pradesh
Nārāyanpur;India;Telangana
Niāla Kondapalle;India;Telangana
Yāzali;India;Andhra Pradesh
Berāberi;India;West Bengal
Gopālpur;India;West Bengal
Mahishkuchi;India;West Bengal
Pedda Ganjām;India;Andhra Pradesh
Uchalon;India;West Bengal
Huliyūrdurga;India;Karnātaka
Nekunāpuram;India;Andhra Pradesh
Pokūru;India;Andhra Pradesh
Bhadrapur;India;West Bengal
Manāli;India;Himāchal Pradesh
Mallepalli;India;Chhattīsgarh
Baruipāra;India;West Bengal
Nātavaram;India;Andhra Pradesh
Agali;India;Andhra Pradesh
Barua Gopālpur;India;West Bengal
Sūrampalle;India;Andhra Pradesh
Bara Bakra;India;West Bengal
Dhalpāl;India;West Bengal
Bajanki;India;Telangana
Gārladinne;India;Andhra Pradesh
Hire Kotankal;India;Karnātaka
Dātura;India;West Bengal
Wajrakarūr;India;Andhra Pradesh
Indrāni;India;West Bengal
Pāta Pandillapalle;India;Andhra Pradesh
Rājavommangi;India;Andhra Pradesh
Sante Kasalgere;India;Karnātaka
Mundlapādu;India;Andhra Pradesh
Haripur;India;West Bengal
Bujang;India;West Bengal
Hātinda;India;West Bengal
Mantūr;India;Karnātaka
Kirnāhar;India;West Bengal
Baireddipalle;India;Andhra Pradesh
Mathampalli;India;Telangana
Pāchipenta;India;Andhra Pradesh
Rādhāngar;India;West Bengal
Meliyāputtu;India;Andhra Pradesh
Bāishāta;India;West Bengal
Dāmaramadugu;India;Andhra Pradesh
Kruttivennu;India;Andhra Pradesh
Bestavārapeta;India;Andhra Pradesh
Nāmkhāna;India;West Bengal
Muglispur;India;West Bengal
Sheakhala;India;West Bengal
Rāmasamudram;India;Andhra Pradesh
Bargāri;India;Punjab
Chelyāma;India;West Bengal
Palagara;India;Andhra Pradesh
Gura;India;West Bengal
Adwitnagar;India;West Bengal
Ponnalūru;India;Andhra Pradesh
Khātra;India;West Bengal
Belsur;India;West Bengal
Polāki;India;Andhra Pradesh
Yādamari;India;Andhra Pradesh
Chātaparru;India;Andhra Pradesh
Mūlaguntapādu;India;Andhra Pradesh
Nīrmānvi;India;Karnātaka
Rānīganj;India;West Bengal
Krishnarānpur;India;West Bengal
Upputūru;India;Andhra Pradesh
Annāram;India;Telangana
Simlāpāl;India;West Bengal
Gosānimāri Bandar;India;West Bengal
Chinnakākāni;India;Andhra Pradesh
Chilakapālem;India;Andhra Pradesh
Nigan;India;West Bengal
Bījnapalli;India;Telangana
Pipa;India;West Bengal
Chandrasekharāpuram;India;Andhra Pradesh
Chennekottapalle;India;Andhra Pradesh
Fatehpor;India;Jammu and Kashmīr
Mogallu;India;Andhra Pradesh
Beluguppa;India;Andhra Pradesh
Rājbāri;India;West Bengal
Pārākaram;India;West Bengal
Chevella;India;Telangana
Kārumanchi;India;Andhra Pradesh
Bellūru;India;Karnātaka
Bandi Ātmakūru;India;Andhra Pradesh
Khanta;India;West Bengal
Kotauratla;India;Andhra Pradesh
Hāvaligi;India;Andhra Pradesh
Chintalavalasa;India;Andhra Pradesh
Polba;India;West Bengal
Mudinepalle;India;Andhra Pradesh
Kurupām;India;Andhra Pradesh
Hire Padsalgi;India;Karnātaka
Valigonda;India;Telangana
Sāyampet;India;Telangana
Sibkālinagar;India;West Bengal
Pedda Bhogila;India;Andhra Pradesh
Kodekal;India;Karnātaka
Bāgdaha;India;West Bengal
Umarpur;India;Jharkhand
Battili;India;Odisha
Katangūr;India;Telangana
Kunchanapalle;India;Andhra Pradesh
Kalingapatnam;India;Andhra Pradesh
Āspari;India;Andhra Pradesh
Nekkonda;India;Telangana
Karālapādu;India;Andhra Pradesh
Rudravaram;India;Andhra Pradesh
Rāngaipur;India;West Bengal
Cherukūru;India;Andhra Pradesh
Rāmapur;India;West Bengal
Rāmthenga;India;West Bengal
Devaruppal;India;Telangana
Morta;India;Andhra Pradesh
Kennālu;India;Karnātaka
Dhola;India;West Bengal
Bharatgarh;India;West Bengal
Digambarpur;India;West Bengal
Annavaram;India;Andhra Pradesh
Toplā;India;Madhya Pradesh
Holavanhalli;India;Karnātaka
Arakeri;India;Karnātaka
Bagchara;India;West Bengal
Dornipādu;India;Andhra Pradesh
Kamarpalli;India;Telangana
Lingasamudram;India;Andhra Pradesh
Mallārpur;India;West Bengal
Muppālla;India;Andhra Pradesh
Bādampūdi;India;Andhra Pradesh
Maipādu;India;Andhra Pradesh
Bagela;India;West Bengal
Kāndrakota;India;Andhra Pradesh
Khopākāti;India;West Bengal
Dwārapūdi;India;Andhra Pradesh
Malkāpuram;India;Andhra Pradesh
Mohanpur;India;West Bengal
Chaudepalle;India;Andhra Pradesh
Sāsan;India;West Bengal
Madhura;India;West Bengal
Katak Chincholi;India;Karnātaka
Amarkantak;India;Madhya Pradesh
Kālla;India;Andhra Pradesh
Sālgundi;India;Karnātaka
Kongal;India;Telangana
Mohanpur;India;West Bengal
Lakkavaram;India;Andhra Pradesh
Vempa;India;Andhra Pradesh
Bantumilli;India;Andhra Pradesh
Kantālia;India;West Bengal
Rimbik;India;West Bengal
Morgim;India;Goa
Pālhalli;India;Karnātaka
Bondapalle;India;Andhra Pradesh
Pulipādu;India;Andhra Pradesh
Beliātor;India;West Bengal
Paidipādu;India;Andhra Pradesh
Mandirtala;India;West Bengal
Kanagānapalle;India;Andhra Pradesh
Tipparti;India;Telangana
Etikoppāka;India;Andhra Pradesh
Gadivemula;India;Andhra Pradesh
Tārāchua;India;West Bengal
Kandlagunta;India;Andhra Pradesh
Mudivarti;India;Andhra Pradesh
Obuladevarcheruvu;India;Andhra Pradesh
Dariapur;India;West Bengal
Murarai;India;West Bengal
Maddipādu;India;Andhra Pradesh
Amadagūru;India;Andhra Pradesh
Kondavīdu;India;Andhra Pradesh
Matsyapuri;India;Andhra Pradesh
Moragudi;India;Andhra Pradesh
Karimnagar;India;West Bengal
Timmāpuram;India;Telangana
Brāhmanagūdem;India;Andhra Pradesh
Hebbūr;India;Karnātaka
Elangi;India;West Bengal
Palsa;India;West Bengal
Ventrapragada;India;Andhra Pradesh
Mandadam;India;Andhra Pradesh
Kotanandūru;India;Andhra Pradesh
Ellanūru;India;Andhra Pradesh
Sidhar;India;West Bengal
Baswa;India;West Bengal
Digalgrām;India;West Bengal
Kandāran;India;West Bengal
Kāvūru;India;Andhra Pradesh
Kāsimpur;India;West Bengal
Balatgi;India;Karnātaka
Bānpur;India;West Bengal
Dumpagadapa;India;Andhra Pradesh
Rācherla;India;Andhra Pradesh
Galaga;India;Karnātaka
Mahurāpur;India;West Bengal
Āndimatam;India;Tamil Nādu
Begunkudar;India;West Bengal
Kottapalle;India;Andhra Pradesh
Gobindapur;India;West Bengal
Kandgal;India;Karnātaka
Tāllacheruvu;India;Andhra Pradesh
Rāmchandrapur;India;West Bengal
Manoharpur;India;West Bengal
Ratua;India;West Bengal
Raipur;India;West Bengal
Kodūr;India;Telangana
Nātabāri Hāt;India;West Bengal
Bheliān;India;West Bengal
Nizāmpur;India;West Bengal
Bāruva;India;Andhra Pradesh
Khulna;India;West Bengal
Kariāli;India;West Bengal
Kyādgeri;India;Karnātaka
Nārathali;India;West Bengal
Jakrānpalli;India;Telangana
Nangli;India;Karnātaka
Algūr;India;Karnātaka
Dodharye;India;Karnātaka
Bāndhkhola;India;West Bengal
Gavunipalli;India;Karnātaka
Phulbāri;India;West Bengal
Kanamarlapūdi;India;Andhra Pradesh
Harispur;India;West Bengal
Peravali;India;Andhra Pradesh
Rentapālla;India;Andhra Pradesh
Kochcherla;India;Andhra Pradesh
Narendranagar;India;Uttarakhand
Ardavīdu;India;Andhra Pradesh
Elākkurichchi;India;Tamil Nādu
Mirkal;India;Karnātaka
Sathaur;India;West Bengal
Varadayyapālaiyam;India;Andhra Pradesh
Jejur;India;West Bengal
Venkatakrishnārayapuram;India;Andhra Pradesh
Jhikra;India;West Bengal
Duttalūru;India;Andhra Pradesh
Durgāpur;India;West Bengal
Khanta;India;West Bengal
Karavadi;India;Andhra Pradesh
Jagdeopur;India;Telangana
Chāpirevula;India;Andhra Pradesh
Somala;India;Andhra Pradesh
Mehegrām;India;West Bengal
Khedra;India;West Bengal
Uppalapādu;India;Andhra Pradesh
Kukunūru;India;Telangana
Onda;India;West Bengal
Muratpur;India;West Bengal
Pedda Nandipādu;India;Andhra Pradesh
Bhujabalapatnam;India;Andhra Pradesh
Chopra;India;West Bengal
Sandhwān;India;Punjab
Tālgrām;India;West Bengal
Chinna Chintakunta;India;Telangana
Bhāstāra;India;West Bengal
Rāmakuppam;India;Andhra Pradesh
Kottakki;India;Andhra Pradesh
Nandīgrām;India;West Bengal
Harvi;India;Karnātaka
Loutolim;India;Goa
Kūderu;India;Andhra Pradesh
Kalavalapalle;India;Andhra Pradesh
Kondramutla;India;Andhra Pradesh
Bajargaon;India;West Bengal
Pūsapātirega;India;Andhra Pradesh
Kyalanūr;India;Karnātaka
Attota;India;Andhra Pradesh
Bisor;India;West Bengal
Sārenga;India;West Bengal
Kochara;India;West Bengal
Murikipūdi;India;Andhra Pradesh
Medpalli;India;Telangana
Khata;India;Bihār
Musunūru;India;Andhra Pradesh
Timmasamudram;India;Andhra Pradesh
Chejerla;India;Andhra Pradesh
Nirman;India;West Bengal
Mirle;India;Karnātaka
Rādhānagar;India;West Bengal
Fatehpur;India;West Bengal
Bhulki;India;West Bengal
Ankāpuram;India;Telangana
Tārāpur;India;West Bengal
Hātgācha;India;West Bengal
Kerimeri;India;Telangana
Terlām;India;Andhra Pradesh
Sakkarepatna;India;Karnātaka
Mungonda;India;Andhra Pradesh
Bandarlapalli;India;Andhra Pradesh
Bevūr;India;Karnātaka
Konanki;India;Andhra Pradesh
Ranasthalam;India;Andhra Pradesh
Birajnagar;India;West Bengal
Lābpur;India;West Bengal
Tummurukota;India;Andhra Pradesh
Tondapi;India;Andhra Pradesh
Kothakota;India;Telangana
Benior;India;West Bengal
Nandalūr;India;Andhra Pradesh
Vallūru;India;Andhra Pradesh
Kākumānu;India;Andhra Pradesh
Chūrākuti;India;West Bengal
Pānāgarh;India;West Bengal
Nātalapādu;India;Andhra Pradesh
Ambārpeta;India;Andhra Pradesh
Majiyara;India;West Bengal
Goyamara;India;West Bengal
Pullampet;India;Andhra Pradesh
Masarkal;India;Karnātaka
Sītarāmpuram;India;Andhra Pradesh
Gajapatinagaram;India;Andhra Pradesh
Hattikuni;India;Karnātaka
Pūtalapattu;India;Andhra Pradesh
Kuvāgam;India;Tamil Nādu
Rhenok;India;Sikkim
Kondamanjulūru;India;Andhra Pradesh
Addatīgala;India;Andhra Pradesh
Yelmanaid;India;Telangana
Chillakūr;India;Andhra Pradesh
Kotipalle;India;Andhra Pradesh
Kāldhari;India;Andhra Pradesh
Lingadahalli;India;Karnātaka
Golugonda;India;Andhra Pradesh
Budhakhāli;India;West Bengal
Kosuvāripalle;India;Andhra Pradesh
Pedda Orampādu;India;Andhra Pradesh
Jāldhoa;India;West Bengal
Kalmali;India;Karnātaka
Gottipādu;India;Andhra Pradesh
Putlūru;India;Andhra Pradesh
Kapileswarapuram;India;Andhra Pradesh
Utukūr;India;Andhra Pradesh
Sabakpur;India;West Bengal
Piridi;India;Andhra Pradesh
Goli;India;Andhra Pradesh
Pogiri;India;Andhra Pradesh
Indiri;India;Karnātaka
Barabāri;India;West Bengal
Lingāreddipālem;India;Andhra Pradesh
Singareni;India;Telangana
Mejia;India;West Bengal
Tarlupādu;India;Andhra Pradesh
Gopavaram;India;Andhra Pradesh
Rāyna;India;West Bengal
Tādimarri;India;Andhra Pradesh
Kistnapatam;India;Andhra Pradesh
Kārepalli;India;Telangana
Harirāmpur;India;West Bengal
Fatehgarh Panjtur;India;Punjab
Pegadpalli;India;Telangana
Chinna Pāndrāka;India;Andhra Pradesh
Matmāri;India;Karnātaka
Lakshmisāgar;India;West Bengal
Kundapāk;India;Telangana
Kallankurichchi;India;Tamil Nādu
Peddāravīdu;India;Andhra Pradesh
Punchā;India;West Bengal
Gudipūdi;India;Andhra Pradesh
Cherlagudipādu;India;Andhra Pradesh
Rāmadugu;India;Telangana
Gote;India;Karnātaka
Vellalacheruvu;India;Andhra Pradesh
Komarāda;India;Andhra Pradesh
Nūjendla;India;Andhra Pradesh
Lansdowne;India;Uttarakhand
Dagadarti;India;Andhra Pradesh
Bhrigubanda;India;Andhra Pradesh
Kumārgrām;India;West Bengal
Basudha;India;West Bengal
Jukal;India;Telangana
Mantāda;India;Andhra Pradesh
Nambulapūlikunta;India;Andhra Pradesh
Kūnaparājuparva;India;Andhra Pradesh
Dandepalii;India;Telangana
Dammālapādu;India;Andhra Pradesh
Vanamaladinne;India;Andhra Pradesh
Kalavakuru;India;Andhra Pradesh
Rāmasamudram;India;Karnātaka
Vīrannapālem;India;Andhra Pradesh
Sītampeta;India;Andhra Pradesh
Gudivākalanka;India;Andhra Pradesh
Hamidi;India;Punjab
Gāzulmandiyam;India;Andhra Pradesh
Burda;India;West Bengal
Gosāba;India;West Bengal
Mustūr;India;Karnātaka
Korukonda;India;Odisha
Arīpānthan;India;Jammu and Kashmīr
Maddikera Agrahāram;India;Andhra Pradesh
Kolavennu;India;Andhra Pradesh
Chingarali;India;Karnātaka
Vegūru;India;Andhra Pradesh
Nandavaram;India;Andhra Pradesh
Nāgareddipet;India;Telangana
Chandragūdem;India;Andhra Pradesh
Gorubathān;India;West Bengal
Thode;India;West Bengal
Rolugunta;India;Andhra Pradesh
Velagaleru;India;Andhra Pradesh
Sāyipeta;India;Andhra Pradesh
Byādanūr;India;Karnātaka
Kulumūr;India;Tamil Nādu
Talamarla;India;Andhra Pradesh
Bandārupalle;India;Andhra Pradesh
Māchareddi;India;Telangana
Peddapasupula;India;Andhra Pradesh
Reddicherla;India;Andhra Pradesh
Manyapādu;India;Telangana
Samse;India;Karnātaka
Virapāpur;India;Karnātaka
Kāsipet;India;Telangana
Gundrevula;India;Andhra Pradesh
Rebna;India;Telangana
Atlūru;India;Andhra Pradesh
Tirupati;India;Andhra Pradesh
Rudravaram;India;Andhra Pradesh
Tuggali;India;Andhra Pradesh
Mulakalapalle;India;Telangana
Somapalle;India;Andhra Pradesh
Mallavaram;India;Andhra Pradesh
Venkatāpuram;India;Telangana